user_id,recency,frequency,monetary,year_month,active_period,avg_period,response
3,38,3,90.0,2015.02,10,3,1
24,51,1,3.0,2015.02,0,0,0
30,14,1,36.5,2015.02,0,0,0
34,7,1,93.0,2015.02,0,0,0
38,53,1,38.5,2015.02,0,0,0
45,20,2,32.0,2015.02,20,10,1
46,34,1,32.0,2015.02,0,0,0
48,49,1,24.0,2015.02,0,0,0
52,10,4,117.25,2015.02,36,9,1
57,54,1,62.5,2015.02,0,0,0
61,28,2,110.85,2015.02,11,5,1
63,30,1,29.0,2015.02,0,0,0
76,14,2,110.25,2015.02,38,19,1
87,31,1,57.0,2015.02,0,0,0
91,19,2,82.5,2015.02,34,17,1
104,56,1,58.0,2015.02,0,0,0
106,11,4,211.73000000000002,2015.02,34,8,1
129,6,1,12.15,2015.02,0,0,0
141,6,1,14.5,2015.02,0,0,0
143,2,8,218.5,2015.02,54,6,1
164,22,1,48.0,2015.02,0,0,0
170,41,3,611.55,2015.02,12,4,1
177,28,1,20.21,2015.02,0,0,0
178,2,5,80.0,2015.02,38,7,1
179,48,1,72.2,2015.02,0,0,0
180,33,1,13.28,2015.02,0,0,0
181,36,1,14.5,2015.02,0,0,0
182,2,2,81.75,2015.02,53,26,1
183,9,5,90.36,2015.02,37,7,1
197,7,1,12.0,2015.02,0,0,0
210,12,2,182.5,2015.02,34,17,1
223,13,2,46.0,2015.02,30,15,1
240,45,1,19.75,2015.02,0,0,0
247,47,1,22.0,2015.02,0,0,0
264,25,2,40.5,2015.02,1,0,0
282,26,2,114.9,2015.02,28,14,1
302,5,3,158.5,2015.02,48,16,1
310,42,1,11.5,2015.02,0,0,0
316,24,2,37.25,2015.02,11,5,1
321,2,8,145.25,2015.02,46,5,1
329,8,6,94.0,2015.02,34,5,1
342,34,1,23.5,2015.02,0,0,0
347,48,1,31.5,2015.02,0,0,0
368,13,1,16.0,2015.02,0,0,0
380,16,3,173.0,2015.02,36,12,1
398,2,6,124.64,2015.02,49,8,1
403,38,3,43.2,2015.02,13,4,1
415,5,2,88.5,2015.02,29,14,1
426,28,1,32.0,2015.02,0,0,0
427,44,1,7.5,2015.02,0,0,0
439,10,1,10.12,2015.02,0,0,0
451,28,2,72.5,2015.02,29,14,1
458,11,2,51.75,2015.02,35,17,1
468,6,3,77.0,2015.02,36,12,1
472,4,1,32.0,2015.02,0,0,0
475,23,2,74.5,2015.02,18,9,1
489,3,1,28.5,2015.02,0,0,0
492,26,2,93.25,2015.02,20,10,1
495,56,1,59.0,2015.02,0,0,0
501,2,2,160.5,2015.02,25,12,1
512,20,1,25.5,2015.02,0,0,0
527,27,1,18.0,2015.02,0,0,0
532,19,3,165.0,2015.02,25,8,1
541,55,1,16.0,2015.02,0,0,0
542,7,8,115.2,2015.02,46,5,1
543,45,1,48.0,2015.02,0,0,0
557,9,2,61.0,2015.02,16,8,1
560,13,1,14.5,2015.02,0,0,0
565,35,1,82.25,2015.02,0,0,0
566,12,2,134.5,2015.02,21,10,1
567,13,3,89.5,2015.02,41,13,1
569,17,1,15.0,2015.02,0,0,0
573,9,2,39.5,2015.02,7,3,1
574,19,1,88.75,2015.02,0,0,0
577,3,5,209.5,2015.02,27,5,1
594,3,4,137.5,2015.02,48,12,1
598,2,14,339.05,2015.02,49,3,1
619,2,6,96.0,2015.02,42,7,1
622,24,1,31.0,2015.02,0,0,0
633,18,4,57.6,2015.02,37,9,1
649,6,1,16.0,2015.02,0,0,0
656,31,2,39.5,2015.02,13,6,1
660,23,1,16.0,2015.02,0,0,0
662,20,1,16.0,2015.02,0,0,0
665,11,2,83.7,2015.02,30,15,1
684,3,1,19.0,2015.02,0,0,0
708,4,15,387.61,2015.02,49,3,1
713,20,1,28.0,2015.02,0,0,0
718,8,3,111.5,2015.02,35,11,1
734,24,3,48.0,2015.02,14,4,1
744,7,2,40.0,2015.02,45,22,1
754,8,6,142.15,2015.02,46,7,1
768,47,1,30.5,2015.02,0,0,0
770,9,2,41.75,2015.02,15,7,1
771,53,1,17.0,2015.02,0,0,0
772,43,1,16.0,2015.02,0,0,0
777,4,2,32.0,2015.02,21,10,1
784,29,1,21.0,2015.02,0,0,0
786,48,1,31.0,2015.02,0,0,0
792,10,4,105.0,2015.02,35,8,1
800,30,2,33.75,2015.02,11,5,1
806,22,3,115.5,2015.02,24,8,1
807,2,7,113.0,2015.02,53,7,1
808,49,1,75.5,2015.02,0,0,0
816,22,1,15.0,2015.02,0,0,0
826,25,2,61.25,2015.02,19,9,1
849,24,5,104.25,2015.02,31,6,1
856,4,3,102.0,2015.02,34,11,1
858,26,1,19.25,2015.02,0,0,0
868,27,1,36.5,2015.02,0,0,0
875,54,1,50.0,2015.02,0,0,0
876,1,1,23.5,2015.02,0,0,0
886,24,1,14.4,2015.02,0,0,0
926,7,5,198.0,2015.02,46,9,1
928,12,4,189.0,2015.02,46,11,1
944,54,1,0.0,2015.02,0,0,0
945,29,1,20.0,2015.02,0,0,0
948,23,1,14.4,2015.02,0,0,0
950,20,1,27.0,2015.02,0,0,0
953,32,1,29.0,2015.02,0,0,0
971,34,2,46.5,2015.02,9,4,1
973,37,1,14.0,2015.02,0,0,0
977,24,1,116.1,2015.02,0,0,0
978,50,1,56.0,2015.02,0,0,0
981,32,1,40.0,2015.02,0,0,0
983,7,7,112.0,2015.02,42,6,1
996,35,1,48.5,2015.02,0,0,0
998,13,3,45.0,2015.02,39,13,1
1000,10,2,22.5,2015.02,27,13,1
1007,30,2,40.0,2015.02,14,7,1
1009,48,1,20.0,2015.02,0,0,0
1014,13,1,44.5,2015.02,0,0,0
1026,38,1,16.0,2015.02,0,0,0
1032,9,3,38.92,2015.02,31,10,1
1039,25,1,25.5,2015.02,0,0,0
1041,13,1,13.05,2015.02,0,0,0
1066,21,1,25.0,2015.02,0,0,0
1071,1,7,112.0,2015.02,54,7,1
1085,55,1,87.25,2015.02,0,0,0
1086,3,3,96.0,2015.02,41,13,1
1100,53,1,30.0,2015.02,0,0,0
1103,17,1,29.0,2015.02,0,0,0
1109,12,1,48.0,2015.02,0,0,0
1110,2,2,31.0,2015.02,30,15,1
1118,4,7,124.0,2015.02,42,6,1
1119,13,1,45.5,2015.02,0,0,0
1126,24,1,20.0,2015.02,0,0,0
1127,22,1,14.5,2015.02,0,0,0
1132,5,3,95.0,2015.02,29,9,1
1134,26,2,49.25,2015.02,23,11,1
1135,1,3,48.0,2015.02,57,19,1
1139,27,2,85.0,2015.02,22,11,1
1142,12,1,18.25,2015.02,0,0,0
1145,53,1,79.0,2015.02,0,0,0
1146,13,3,110.0,2015.02,42,14,1
1153,16,1,90.75,2015.02,0,0,0
1155,5,2,43.5,2015.02,15,7,1
1158,6,7,150.0,2015.02,41,5,1
1159,7,1,23.5,2015.02,0,0,0
1162,12,1,14.5,2015.02,0,0,0
1164,9,5,87.25,2015.02,38,7,1
1168,2,5,94.5,2015.02,41,8,1
1174,17,1,15.8,2015.02,0,0,0
1176,4,4,67.75,2015.02,37,9,1
1184,13,3,61.0,2015.02,37,12,1
1189,4,6,171.0,2015.02,42,7,1
1193,51,1,16.0,2015.02,0,0,0
1197,12,2,100.0,2015.02,39,19,1
1202,42,1,88.5,2015.02,0,0,0
1209,2,8,142.5,2015.02,52,6,1
1210,2,4,67.75,2015.02,45,11,1
1212,4,3,149.5,2015.02,48,16,1
1221,7,2,115.5,2015.02,13,6,1
1227,12,4,123.5,2015.02,36,9,1
1229,20,1,80.0,2015.02,0,0,0
1232,5,1,16.25,2015.02,0,0,0
1237,29,2,44.8,2015.02,21,10,1
1248,22,1,30.5,2015.02,0,0,0
1251,11,8,120.5,2015.02,42,5,1
1258,3,5,110.0,2015.02,43,8,1
1270,13,1,11.25,2015.02,0,0,0
1284,19,1,79.25,2015.02,0,0,0
1288,39,1,30.5,2015.02,0,0,0
1290,52,1,54.0,2015.02,0,0,0
1294,7,4,73.35,2015.02,27,6,1
1295,13,4,130.75,2015.02,45,11,1
1307,14,1,15.0,2015.02,0,0,0
1314,20,1,11.25,2015.02,0,0,0
1315,47,1,22.0,2015.02,0,0,0
1317,9,2,69.5,2015.02,36,18,1
1320,5,3,123.5,2015.02,35,11,1
1328,47,1,12.0,2015.02,0,0,0
1347,18,1,28.0,2015.02,0,0,0
1351,42,1,63.0,2015.02,0,0,0
1361,25,1,16.0,2015.02,0,0,0
1375,23,2,31.0,2015.02,16,8,1
1381,35,1,16.0,2015.02,0,0,0
1386,15,2,37.5,2015.02,4,2,1
1389,3,3,127.0,2015.02,46,15,1
1405,34,1,14.5,2015.02,0,0,0
1413,26,2,52.5,2015.02,21,10,1
1424,31,1,14.5,2015.02,0,0,0
1445,31,1,26.5,2015.02,0,0,0
1460,17,4,140.5,2015.02,36,9,1
1474,30,1,23.5,2015.02,0,0,0
1484,32,1,38.5,2015.02,0,0,0
1513,6,11,383.75,2015.02,48,4,1
1517,6,8,172.0,2015.02,49,6,1
1521,25,2,81.5,2015.02,23,11,1
1524,20,1,64.5,2015.02,0,0,0
1527,3,5,217.0,2015.02,49,9,1
1540,56,1,42.5,2015.02,0,0,0
1567,52,1,16.0,2015.02,0,0,0
1569,7,2,59.0,2015.02,11,5,1
1586,7,5,332.5,2015.02,45,9,1
1595,41,1,57.5,2015.02,0,0,0
1596,6,1,67.0,2015.02,0,0,0
1599,12,4,49.0,2015.02,41,10,1
1603,9,8,131.75,2015.02,46,5,1
1609,9,2,54.5,2015.02,2,1,1
1610,9,5,93.0,2015.02,33,6,1
1612,8,2,43.5,2015.02,21,10,1
1616,27,2,32.0,2015.02,17,8,1
1621,13,3,125.0,2015.02,45,15,1
1622,44,1,48.0,2015.02,0,0,0
1627,38,2,48.0,2015.02,16,8,1
1629,3,7,112.0,2015.02,44,6,1
1633,11,5,194.2,2015.02,41,8,1
1641,10,2,32.0,2015.02,19,9,1
1644,2,1,18.0,2015.02,0,0,0
1645,15,1,15.0,2015.02,0,0,0
1650,10,2,122.5,2015.02,43,21,1
1659,34,3,80.3,2015.02,9,3,1
1664,5,3,135.0,2015.02,26,8,1
1672,34,2,54.0,2015.02,18,9,1
1682,2,4,576.9,2015.02,49,12,1
1684,58,1,22.0,2015.02,0,0,0
1687,58,1,3.0,2015.02,0,0,0
1690,24,3,133.25,2015.02,28,9,1
1691,57,1,42.0,2015.02,0,0,0
1694,55,1,28.0,2015.02,0,0,0
1697,56,1,7.0,2015.02,0,0,0
1698,53,2,45.75,2015.02,3,1,1
1699,56,1,26.0,2015.02,0,0,0
1702,26,3,107.5,2015.02,28,9,1
1704,54,1,106.5,2015.02,0,0,0
1706,54,1,10.5,2015.02,0,0,0
1707,53,1,37.0,2015.02,0,0,0
1708,53,1,16.25,2015.02,0,0,0
1709,39,1,12.0,2015.02,0,0,0
1710,52,1,14.0,2015.02,0,0,0
1711,52,1,14.5,2015.02,0,0,0
1712,16,2,31.0,2015.02,36,18,1
1713,52,1,12.0,2015.02,0,0,0
1714,7,4,155.0,2015.02,45,11,1
1717,33,2,182.75,2015.02,18,9,1
1720,16,2,32.0,2015.02,35,17,1
1722,2,8,115.5,2015.02,48,6,1
1723,10,2,34.0,2015.02,0,0,0
1724,48,1,8.5,2015.02,0,0,0
1726,7,5,150.75,2015.02,42,8,1
1727,49,1,13.0,2015.02,0,0,0
1728,10,3,36.0,2015.02,38,12,1
1729,27,2,78.25,2015.02,7,3,1
1731,48,1,19.5,2015.02,0,0,0
1732,48,1,20.0,2015.02,0,0,0
1735,20,3,42.0,2015.02,27,9,1
1736,48,1,13.5,2015.02,0,0,0
1740,39,1,19.0,2015.02,0,0,0
1743,12,6,100.5,2015.02,35,5,1
1744,46,1,21.0,2015.02,0,0,0
1745,9,2,28.5,2015.02,25,12,1
1746,46,1,6.0,2015.02,0,0,0
1747,45,1,12.5,2015.02,0,0,0
1750,45,1,22.5,2015.02,0,0,0
1751,45,1,52.0,2015.02,0,0,0
1753,44,1,17.25,2015.02,0,0,0
1754,38,2,136.25,2015.02,6,3,1
1755,16,2,24.0,2015.02,28,14,1
1758,43,1,6.0,2015.02,0,0,0
1760,43,1,35.0,2015.02,0,0,0
1761,21,2,45.0,2015.02,22,11,1
1762,42,1,32.0,2015.02,0,0,0
1765,41,1,11.25,2015.02,0,0,0
1766,41,1,13.5,2015.02,0,0,0
1769,40,1,18.5,2015.02,0,0,0
1770,30,1,1.25,2015.02,0,0,0
1771,39,1,20.0,2015.02,0,0,0
1772,39,1,22.0,2015.02,0,0,0
1776,38,1,13.05,2015.02,0,0,0
1777,38,1,14.17,2015.02,0,0,0
1778,5,4,78.5,2015.02,33,8,1
1779,6,2,90.0,2015.02,31,15,1
1781,37,1,12.0,2015.02,0,0,0
1783,8,5,72.5,2015.02,28,5,1
1786,24,2,50.25,2015.02,11,5,1
1789,31,2,185.55,2015.02,4,2,1
1794,2,2,40.0,2015.02,31,15,1
1796,33,1,5.0,2015.02,0,0,0
1798,5,5,204.75,2015.02,27,5,1
1799,6,2,102.0,2015.02,27,13,1
1802,8,1,52.42,2015.02,0,0,0
1803,32,1,32.25,2015.02,0,0,0
1806,31,1,26.0,2015.02,0,0,0
1808,2,2,37.5,2015.02,29,14,1
1809,28,1,19.25,2015.02,0,0,0
1810,18,1,30.5,2015.02,0,0,0
1811,9,3,48.0,2015.02,21,7,1
1812,9,3,33.75,2015.02,21,7,1
1814,29,1,106.5,2015.02,0,0,0
1815,8,4,122.0,2015.02,21,5,1
1816,29,1,13.0,2015.02,0,0,0
1818,29,3,124.4,2015.02,28,9,1
1819,3,1,26.0,2015.02,0,0,0
1821,25,2,29.5,2015.02,3,1,1
1822,22,1,37.5,2015.02,0,0,0
1825,27,1,24.0,2015.02,0,0,0
1827,26,1,12.0,2015.02,0,0,0
1828,13,2,27.25,2015.02,12,6,1
1829,26,1,70.0,2015.02,0,0,0
1830,26,1,24.3,2015.02,0,0,0
1831,11,2,38.0,2015.02,12,6,1
1832,26,1,14.5,2015.02,0,0,0
1833,20,2,611.55,2015.02,6,3,1
1840,24,1,14.0,2015.02,0,0,0
1844,24,1,114.5,2015.02,0,0,0
1846,1,2,88.5,2015.02,23,11,1
1849,23,1,49.5,2015.02,0,0,0
1850,23,1,12.25,2015.02,0,0,0
1851,23,1,16.0,2015.02,0,0,0
1853,22,1,16.0,2015.02,0,0,0
1855,22,1,41.5,2015.02,0,0,0
1858,22,1,30.5,2015.02,0,0,0
1863,21,1,13.0,2015.02,0,0,0
1865,21,1,23.5,2015.02,0,0,0
1866,16,1,16.5,2015.02,0,0,0
1868,20,1,13.0,2015.02,0,0,0
1870,20,1,18.5,2015.02,0,0,0
1871,20,1,50.0,2015.02,0,0,0
1872,20,1,29.0,2015.02,0,0,0
1873,20,1,27.0,2015.02,0,0,0
1874,8,2,79.5,2015.02,11,5,1
1875,19,1,48.0,2015.02,0,0,0
1877,5,2,29.5,2015.02,14,7,1
1878,19,1,20.0,2015.02,0,0,0
1879,19,1,45.0,2015.02,0,0,0
1881,18,1,10.0,2015.02,0,0,0
1882,17,1,24.0,2015.02,0,0,0
1883,16,1,21.5,2015.02,0,0,0
1884,16,1,17.0,2015.02,0,0,0
1886,16,1,111.5,2015.02,0,0,0
1888,16,1,29.0,2015.02,0,0,0
1890,8,1,10.0,2015.02,0,0,0
1892,15,1,44.5,2015.02,0,0,0
1893,2,3,56.25,2015.02,13,4,1
1894,15,1,27.25,2015.02,0,0,0
1895,15,1,28.0,2015.02,0,0,0
1897,15,1,4.5,2015.02,0,0,0
1898,15,1,13.5,2015.02,0,0,0
1904,14,1,35.0,2015.02,0,0,0
1906,9,2,34.4,2015.02,5,2,1
1907,13,1,58.5,2015.02,0,0,0
1908,13,1,22.5,2015.02,0,0,0
1911,11,2,41.0,2015.02,2,1,1
1912,13,1,17.0,2015.02,0,0,0
1913,13,1,19.0,2015.02,0,0,0
1915,12,1,39.0,2015.02,0,0,0
1919,12,2,62.5,2015.02,33,16,1
1920,12,1,66.5,2015.02,0,0,0
1921,7,2,103.5,2015.02,5,2,1
1925,10,1,23.5,2015.02,0,0,0
1928,5,2,41.7,2015.02,5,2,1
1929,10,1,14.5,2015.02,0,0,0
1932,10,1,10.0,2015.02,0,0,0
1933,9,1,18.0,2015.02,0,0,0
1935,3,2,32.0,2015.02,6,3,1
1936,9,1,34.5,2015.02,0,0,0
1937,9,1,27.0,2015.02,0,0,0
1938,7,1,34.0,2015.02,0,0,0
1939,7,1,15.0,2015.02,0,0,0
1940,7,1,18.5,2015.02,0,0,0
1942,7,1,20.5,2015.02,0,0,0
1945,6,1,64.0,2015.02,0,0,0
1947,5,1,32.0,2015.02,0,0,0
1949,5,1,24.0,2015.02,0,0,0
1952,3,1,23.5,2015.02,0,0,0
1953,4,1,13.05,2015.02,0,0,0
1954,4,1,36.5,2015.02,0,0,0
1959,3,1,7.0,2015.02,0,0,0
1962,1,2,85.25,2015.02,1,0,0
1969,1,1,30.0,2015.02,0,0,0
1970,1,1,12.5,2015.02,0,0,0
2945,2,1,180.0,2015.02,0,0,0
6086,50,1,16.0,2015.02,0,0,0
